type,topic,spanish,english,answer_or_form,explanation_or_example,status,example_english
quiz-gustar,gustar,A la niña pequeña no ___ usar zapatos.,The little girl doesn't like to wear shoes.,le gusta,"Usar zapatos is the subject, and an infinitive subject always takes singular gusta. A la niña pequeña is one person, so le.",ok,
quiz-gustar,gustar,___ los conciertos de rock.,I like rock concerts.,me gustan,"Los conciertos is the subject and is plural, so gustan. Me is the pronoun for I.",ok,
quiz-gustar,gustar,¿ ___ viajar en tren?,Do you like travelling by train?,te gusta,"Viajar is the subject, and an infinitive subject always takes singular gusta. Te is the pronoun for you.",ok,
quiz-gustar,gustar,___ esta canción española.,We like this Spanish song.,nos gusta,"Esta canción is the subject and is singular, so gusta. Nos is the pronoun for we.",ok,
quiz-gustar,gustar,A mis padres ___ las ciudades pequeñas.,My parents like small towns.,les gustan,"Las ciudades is the subject and is plural, so gustan. A mis padres is more than one person, so les.",ok,
quiz-gustar,gustar,No ___ levantarse temprano.,He or she does not like getting up early.,le gusta,"Levantarse is the subject, and an infinitive subject always takes singular gusta. Le is the pronoun for he or she.",ok,
quiz-gustar,gustar,A Juan ___ la comida picante.,Juan likes spicy food.,le gusta,"La comida is the subject and is singular, so gusta. A Juan is one person, so le.",ok,
quiz-gustar,gustar,¿A ustedes ___ estos ejercicios?,Do you all like these exercises?,les gustan,"Estos ejercicios is the subject and is plural, so gustan. A ustedes takes les.",ok,
quiz-gustar,gustar,___ caminar por la montaña.,They like walking in the mountains.,les gusta,"Caminar is the subject, and an infinitive subject always takes singular gusta. Les is the pronoun for they.",ok,
quiz-gustar,gustar,A mí ___ las películas antiguas.,I like old films.,me gustan,"Las películas is the subject and is plural, so gustan. A mí goes with me.",ok,
quiz-gustar,gustar,A Laura ___ bailar salsa.,Laura likes dancing salsa.,le gusta,"Bailar is the subject, and an infinitive subject always takes singular gusta. A Laura is one person, so le.",ok,
quiz-gustar,gustar,No ___ los hoteles grandes.,We do not like large hotels.,nos gustan,"Los hoteles is the subject and is plural, so gustan. Nos is the pronoun for we.",ok,
quiz-gustar,gustar,¿ ___ esta chaqueta azul?,Does he or she like this blue jacket?,le gusta,"Esta chaqueta is the subject and is singular, so gusta. Le is the pronoun for he or she.",ok,
quiz-gustar,gustar,A los niños ___ los cuentos cortos.,The children like short stories.,les gustan,"Los cuentos is the subject and is plural, so gustan. A los niños is more than one person, so les.",ok,
quiz-gustar,gustar,___ cocinar para tus amigos.,You like cooking for your friends.,te gusta,"Cocinar is the subject, and an infinitive subject always takes singular gusta. Te is the pronoun for you.",ok,
quiz-gustar,gustar,___ la música en directo.,I like live music.,me gusta,"La música is the subject and is singular, so gusta. Me is the pronoun for I.",ok,
quiz-gustar,gustar,A Pedro y Ana ___ las rutas en bicicleta.,Pedro and Ana like cycling routes.,les gustan,"Las rutas is the subject and is plural, so gustan. A Pedro y Ana is more than one person, so les.",ok,
quiz-gustar,gustar,___ aprender idiomas.,We like learning languages.,nos gusta,"Aprender is the subject, and an infinitive subject always takes singular gusta. Nos is the pronoun for we.",ok,
quiz-gustar,gustar,¿ ___ el nuevo restaurante?,Do they like the new restaurant?,les gusta,"El nuevo restaurante is the subject and is singular, so gusta. Les is the pronoun for they.",ok,
quiz-gustar,gustar,No ___ estas botas negras.,You do not like these black boots.,te gustan,"Estas botas is the subject and is plural, so gustan. Te is the pronoun for you.",ok,
quiz-gustar,gustar,A usted ___ leer antes de dormir.,You like reading before going to sleep.,le gusta,"Leer is the subject, and an infinitive subject always takes singular gusta. A usted takes le.",ok,
quiz-gustar,gustar,___ los domingos tranquilos.,I like quiet Sundays.,me gustan,"Los domingos is the subject and is plural, so gustan. Me is the pronoun for I.",ok,
quiz-gustar,gustar,A Carlos ___ la cerveza checa.,Carlos likes Czech beer.,le gusta,"La cerveza is the subject and is singular, so gusta. A Carlos is one person, so le.",ok,
quiz-gustar,gustar,___ las excursiones largas.,We like long excursions.,nos gustan,"Las excursiones is the subject and is plural, so gustan. Nos is the pronoun for we.",ok,
quiz-gustar,gustar,¿ ___ trabajar desde casa?,Do you like working from home?,te gusta,"Trabajar is the subject, and an infinitive subject always takes singular gusta. Te is the pronoun for you.",ok,
quiz-gustar,gustar,A ellas ___ este barrio.,They like this neighbourhood.,les gusta,"Este barrio is the subject and is singular, so gusta. A ellas takes les.",ok,
quiz-gustar,gustar,No ___ los vuelos nocturnos.,I do not like night flights.,me gustan,"Los vuelos is the subject and is plural, so gustan. Me is the pronoun for I.",ok,
quiz-gustar,gustar,A Pablo ___ nadar en el mar.,Pablo likes swimming in the sea.,le gusta,"Nadar is the subject, and an infinitive subject always takes singular gusta. A Pablo is one person, so le.",ok,
quiz-gustar,gustar,¿A ustedes ___ la paella?,Do you all like paella?,les gusta,"La paella is the subject and is singular, so gusta. A ustedes takes les.",ok,
quiz-gustar,gustar,___ estas fotografías.,They like these photographs.,les gustan,"Estas fotografías is the subject and is plural, so gustan. Les is the pronoun for they.",ok,
quiz-gustar,gustar,A nosotros ___ salir los viernes.,We like going out on Fridays.,nos gusta,"Salir is the subject, and an infinitive subject always takes singular gusta. A nosotros goes with nos.",ok,
quiz-gustar,gustar,___ el clima de España.,You like Spain's climate.,te gusta,"El clima is the subject and is singular, so gusta. Te is the pronoun for you.",ok,
quiz-gustar,gustar,A Sofía ___ los libros de historia.,Sofía likes history books.,le gustan,"Los libros is the subject and is plural, so gustan. A Sofía is one person, so le.",ok,
quiz-gustar,gustar,___ conducir por carreteras tranquilas.,I like driving on quiet roads.,me gusta,"Conducir is the subject, and an infinitive subject always takes singular gusta. Me is the pronoun for I.",ok,
quiz-gustar,gustar,¿ ___ las clases de español?,Does he or she like Spanish classes?,le gustan,"Las clases is the subject and is plural, so gustan. Le is the pronoun for he or she.",ok,
quiz-gustar,encantar,___ esta banda.,I love this band.,me encanta,"Esta banda is the subject and is singular, so encanta. Me is the pronoun for I.",ok,
quiz-gustar,encantar,A Elena ___ los mercados locales.,Elena loves local markets.,le encantan,"Los mercados is the subject and is plural, so encantan. A Elena is one person, so le.",ok,
quiz-gustar,encantar,___ viajar sin prisa.,We love travelling without rushing.,nos encanta,"Viajar is the subject, and an infinitive subject always takes singular encanta. Nos is the pronoun for we.",ok,
quiz-gustar,encantar,¿ ___ estas tapas?,Do you love these tapas?,te encantan,"Estas tapas is the subject and is plural, so encantan. Te is the pronoun for you.",ok,
quiz-gustar,encantar,A los niños ___ el chocolate.,The children love chocolate.,les encanta,"El chocolate is the subject and is singular, so encanta. A los niños is more than one person, so les.",ok,
quiz-gustar,encantar,___ bailar flamenco.,He or she loves dancing flamenco.,le encanta,"Bailar is the subject, and an infinitive subject always takes singular encanta. Le is the pronoun for he or she.",ok,
quiz-gustar,encantar,A ustedes ___ las playas del norte.,You all love the northern beaches.,les encantan,"Las playas is the subject and is plural, so encantan. A ustedes takes les.",ok,
quiz-gustar,encantar,A mí ___ la guitarra eléctrica.,I love the electric guitar.,me encanta,"La guitarra is the subject and is singular, so encanta. A mí goes with me.",ok,
quiz-gustar,encantar,___ hacer senderismo.,They love hiking.,les encanta,"Hacer is the subject, and an infinitive subject always takes singular encanta. Les is the pronoun for they.",ok,
quiz-gustar,encantar,¿ ___ los pueblos blancos?,Do we love the white villages?,nos encantan,"Los pueblos is the subject and is plural, so encantan. Nos is the pronoun for we.",ok,
quiz-gustar,encantar,A Julia ___ esta novela.,Julia loves this novel.,le encanta,"Esta novela is the subject and is singular, so encanta. A Julia is one person, so le.",ok,
quiz-gustar,encantar,___ los desayunos largos.,You love long breakfasts.,te encantan,"Los desayunos is the subject and is plural, so encantan. Te is the pronoun for you.",ok,
quiz-gustar,encantar,A mis amigos ___ cocinar juntos.,My friends love cooking together.,les encanta,"Cocinar is the subject, and an infinitive subject always takes singular encanta. A mis amigos is more than one person, so les.",ok,
quiz-gustar,encantar,___ las montañas.,I love the mountains.,me encantan,"Las montañas is the subject and is plural, so encantan. Me is the pronoun for I.",ok,
quiz-gustar,encantar,A usted ___ el arte moderno.,You love modern art.,le encanta,"El arte is the subject and is singular, so encanta. A usted takes le.",ok,
quiz-gustar,encantar,___ escuchar música en vivo.,We love listening to live music.,nos encanta,"Escuchar is the subject, and an infinitive subject always takes singular encanta. Nos is the pronoun for we.",ok,
quiz-gustar,encantar,¿ ___ estas vistas?,Do they love these views?,les encantan,"Estas vistas is the subject and is plural, so encantan. Les is the pronoun for they.",ok,
quiz-gustar,encantar,A Roberto ___ la arquitectura antigua.,Roberto loves old architecture.,le encanta,"La arquitectura is the subject and is singular, so encanta. A Roberto is one person, so le.",ok,
quiz-gustar,encantar,A ustedes ___ los viajes en bicicleta.,You all love cycling trips.,les encantan,"Los viajes is the subject and is plural, so encantan. A ustedes takes les.",ok,
quiz-gustar,encantar,___ aprender palabras nuevas.,You love learning new words.,te encanta,"Aprender is the subject, and an infinitive subject always takes singular encanta. Te is the pronoun for you.",ok,
quiz-gustar,interesar,___ la historia de España.,I am interested in Spanish history.,me interesa,"La historia is the subject and is singular, so interesa. Me is the pronoun for I.",ok,
quiz-gustar,interesar,A Daniel ___ los idiomas.,Daniel is interested in languages.,le interesan,"Los idiomas is the subject and is plural, so interesan. A Daniel is one person, so le.",ok,
quiz-gustar,interesar,___ aprender sobre otras culturas.,We are interested in learning about other cultures.,nos interesa,"Aprender is the subject, and an infinitive subject always takes singular interesa. Nos is the pronoun for we.",ok,
quiz-gustar,interesar,¿ ___ estas noticias?,Are you interested in this news?,te interesan,"Estas noticias is the subject and is plural, so interesan. Te is the pronoun for you.",ok,
quiz-gustar,interesar,A ellos ___ el ciclismo.,They are interested in cycling.,les interesa,"El ciclismo is the subject and is singular, so interesa. A ellos takes les.",ok,
quiz-gustar,interesar,No ___ hablar de política.,He or she is not interested in talking about politics.,le interesa,"Hablar is the subject, and an infinitive subject always takes singular interesa. Le is the pronoun for he or she.",ok,
quiz-gustar,interesar,A ustedes ___ los museos pequeños.,You all are interested in small museums.,les interesan,"Los museos is the subject and is plural, so interesan. A ustedes takes les.",ok,
quiz-gustar,interesar,A mí ___ la tecnología.,I am interested in technology.,me interesa,"La tecnología is the subject and is singular, so interesa. A mí goes with me.",ok,
quiz-gustar,interesar,___ conocer gente nueva.,They are interested in meeting new people.,les interesa,"Conocer is the subject, and an infinitive subject always takes singular interesa. Les is the pronoun for they.",ok,
quiz-gustar,interesar,¿ ___ estos cursos?,Are we interested in these courses?,nos interesan,"Estos cursos is the subject and is plural, so interesan. Nos is the pronoun for we.",ok,
quiz-gustar,interesar,A Paula ___ la fotografía.,Paula is interested in photography.,le interesa,"La fotografía is the subject and is singular, so interesa. A Paula is one person, so le.",ok,
quiz-gustar,interesar,___ los documentales.,You are interested in documentaries.,te interesan,"Los documentales is the subject and is plural, so interesan. Te is the pronoun for you.",ok,
quiz-gustar,interesar,A mis compañeros ___ mejorar su español.,My colleagues are interested in improving their Spanish.,les interesa,"Mejorar is the subject, and an infinitive subject always takes singular interesa. A mis compañeros is more than one person, so les.",ok,
quiz-gustar,interesar,___ las rutas históricas.,I am interested in historical routes.,me interesan,"Las rutas is the subject and is plural, so interesan. Me is the pronoun for I.",ok,
quiz-gustar,interesar,A usted ___ el proyecto nuevo.,You are interested in the new project.,le interesa,"El proyecto is the subject and is singular, so interesa. A usted takes le.",ok,
quiz-gustar,interesar,___ entender la gramática.,We are interested in understanding grammar.,nos interesa,"Entender is the subject, and an infinitive subject always takes singular interesa. Nos is the pronoun for we.",ok,
quiz-gustar,interesar,¿ ___ estas propuestas?,Are they interested in these proposals?,les interesan,"Estas propuestas is the subject and is plural, so interesan. Les is the pronoun for they.",ok,
quiz-gustar,interesar,A Tomás ___ la economía.,Tomás is interested in economics.,le interesa,"La economía is the subject and is singular, so interesa. A Tomás is one person, so le.",ok,
quiz-gustar,interesar,A ustedes ___ los deportes de montaña.,You all are interested in mountain sports.,les interesan,"Los deportes is the subject and is plural, so interesan. A ustedes takes les.",ok,
quiz-gustar,interesar,___ leer en español.,You are interested in reading in Spanish.,te interesa,"Leer is the subject, and an infinitive subject always takes singular interesa. Te is the pronoun for you.",ok,
quiz-gustar,molestar,___ el ruido de la calle.,The street noise bothers me.,me molesta,"El ruido is the subject and is singular, so molesta. Me is the pronoun for I.",ok,
quiz-gustar,molestar,A Sara ___ las luces fuertes.,Bright lights bother Sara.,le molestan,"Las luces is the subject and is plural, so molestan. A Sara is one person, so le.",ok,
quiz-gustar,molestar,___ esperar mucho tiempo.,Waiting a long time bothers us.,nos molesta,"Esperar is the subject, and an infinitive subject always takes singular molesta. Nos is the pronoun for we.",ok,
quiz-gustar,molestar,¿ ___ estos comentarios?,Do these comments bother you?,te molestan,"Estos comentarios is the subject and is plural, so molestan. Te is the pronoun for you.",ok,
quiz-gustar,molestar,A ellos ___ el humo.,Smoke bothers them.,les molesta,"El humo is the subject and is singular, so molesta. A ellos takes les.",ok,
quiz-gustar,molestar,No ___ trabajar los sábados.,Working on Saturdays does not bother him or her.,le molesta,"Trabajar is the subject, and an infinitive subject always takes singular molesta. Le is the pronoun for he or she.",ok,
quiz-gustar,molestar,A ustedes ___ los precios altos.,High prices bother you all.,les molestan,"Los precios is the subject and is plural, so molestan. A ustedes takes les.",ok,
quiz-gustar,molestar,A mí ___ la música demasiado alta.,Music that is too loud bothers me.,me molesta,"La música is the subject and is singular, so molesta. A mí goes with me.",ok,
quiz-gustar,molestar,___ levantarse tan temprano.,Getting up so early bothers them.,les molesta,"Levantarse is the subject, and an infinitive subject always takes singular molesta. Les is the pronoun for they.",ok,
quiz-gustar,molestar,¿ ___ estas interrupciones?,Do these interruptions bother us?,nos molestan,"Estas interrupciones is the subject and is plural, so molestan. Nos is the pronoun for we.",ok,
quiz-gustar,molestar,A David ___ el frío.,The cold bothers David.,le molesta,"El frío is the subject and is singular, so molesta. A David is one person, so le.",ok,
quiz-gustar,molestar,___ los vuelos con escalas.,Flights with connections bother you.,te molestan,"Los vuelos is the subject and is plural, so molestan. Te is the pronoun for you.",ok,
quiz-gustar,molestar,A mis vecinos ___ oír al perro por la noche.,Hearing the dog at night bothers my neighbours.,les molesta,"Oír is the subject, and an infinitive subject always takes singular molesta. A mis vecinos is more than one person, so les.",ok,
quiz-gustar,molestar,___ las habitaciones oscuras.,Dark rooms bother me.,me molestan,"Las habitaciones is the subject and is plural, so molestan. Me is the pronoun for I.",ok,
quiz-gustar,molestar,A usted ___ este olor.,Does this smell bother you?,le molesta,"Este olor is the subject and is singular, so molesta. A usted takes le.",ok,
quiz-gustar,importar,___ la calidad del servicio.,The quality of the service matters to me.,me importa,"La calidad is the subject and is singular, so importa. Me is the pronoun for I.",ok,
quiz-gustar,importar,A Luis ___ los pequeños detalles.,Small details matter to Luis.,le importan,"Los pequeños detalles is the subject and is plural, so importan. A Luis is one person, so le.",ok,
quiz-gustar,importar,___ llegar a tiempo.,Arriving on time matters to us.,nos importa,"Llegar is the subject, and an infinitive subject always takes singular importa. Nos is the pronoun for we.",ok,
quiz-gustar,importar,¿ ___ estas diferencias?,Do these differences matter to you?,te importan,"Estas diferencias is the subject and is plural, so importan. Te is the pronoun for you.",ok,
quiz-gustar,importar,A ellos ___ el resultado final.,The final result matters to them.,les importa,"El resultado is the subject and is singular, so importa. A ellos takes les.",ok,
quiz-gustar,importar,No ___ trabajar solo.,Working alone does not matter to him or her.,le importa,"Trabajar is the subject, and an infinitive subject always takes singular importa. Le is the pronoun for he or she.",ok,
quiz-gustar,importar,A ustedes ___ los horarios flexibles.,Flexible schedules matter to you all.,les importan,"Los horarios is the subject and is plural, so importan. A ustedes takes les.",ok,
quiz-gustar,importar,A mí ___ la opinión de mi familia.,My family's opinion matters to me.,me importa,"La opinión is the subject and is singular, so importa. A mí goes with me.",ok,
quiz-gustar,importar,___ mantenerse activos.,Staying active matters to them.,les importa,"Mantenerse is the subject, and an infinitive subject always takes singular importa. Les is the pronoun for they.",ok,
quiz-gustar,importar,¿ ___ estos cambios?,Do these changes matter to us?,nos importan,"Estos cambios is the subject and is plural, so importan. Nos is the pronoun for we.",ok,
quiz-gustar,importar,A Eva ___ el medio ambiente.,The environment matters to Eva.,le importa,"El medio ambiente is the subject and is singular, so importa. A Eva is one person, so le.",ok,
quiz-gustar,importar,___ las condiciones del viaje.,The travel conditions matter to you.,te importan,"Las condiciones is the subject and is plural, so importan. Te is the pronoun for you.",ok,
quiz-gustar,importar,A mis colegas ___ terminar bien el proyecto.,Finishing the project well matters to my colleagues.,les importa,"Terminar is the subject, and an infinitive subject always takes singular importa. A mis colegas is more than one person, so les.",ok,
quiz-gustar,importar,___ las respuestas claras.,Clear answers matter to me.,me importan,"Las respuestas is the subject and is plural, so importan. Me is the pronoun for I.",ok,
quiz-gustar,importar,A usted ___ esta decisión.,Does this decision matter to you?,le importa,"Esta decisión is the subject and is singular, so importa. A usted takes le.",ok,
quiz-gustar,faltar,___ un billete para Madrid.,I am missing a ticket to Madrid.,me falta,"Un billete is the subject and is singular, so falta. Me is the pronoun for I.",ok,
quiz-gustar,faltar,A Clara ___ dos documentos.,Clara is missing two documents.,le faltan,"Dos documentos is the subject and is plural, so faltan. A Clara is one person, so le.",ok,
quiz-gustar,faltar,___ terminar el último ejercicio.,We still need to finish the last exercise.,nos falta,"Terminar is the subject, and an infinitive subject always takes singular falta. Nos is the pronoun for we.",ok,
quiz-gustar,faltar,¿ ___ estas páginas?,Are you missing these pages?,te faltan,"Estas páginas is the subject and is plural, so faltan. Te is the pronoun for you.",ok,
quiz-gustar,faltar,A ellos ___ un poco de tiempo.,They are short of time.,les falta,"Un poco de tiempo is the subject and is singular, so falta. A ellos takes les.",ok,
quiz-gustar,faltar,___ practicar más.,He or she needs to practise more.,le falta,"Practicar is the subject, and an infinitive subject always takes singular falta. Le is the pronoun for he or she.",ok,
quiz-gustar,faltar,A ustedes ___ las entradas para el concierto.,You all are missing the concert tickets.,les faltan,"Las entradas is the subject and is plural, so faltan. A ustedes takes les.",ok,
quiz-gustar,faltar,A mí ___ una buena mochila.,I need a good backpack.,me falta,"Una buena mochila is the subject and is singular, so falta. A mí goes with me.",ok,
quiz-gustar,faltar,___ visitar dos ciudades.,They still need to visit two cities.,les falta,"Visitar is the subject, and an infinitive subject always takes singular falta. Les is the pronoun for they.",ok,
quiz-gustar,faltar,¿ ___ algunas sillas?,Are we missing some chairs?,nos faltan,"Algunas sillas is the subject and is plural, so faltan. Nos is the pronoun for we.",ok,
quiz-gustar,quedar,___ una semana de vacaciones.,I have one week of holiday left.,me queda,"Una semana is the subject and is singular, so queda. Me is the pronoun for I.",ok,
quiz-gustar,quedar,A Raúl ___ tres preguntas.,Raúl has three questions left.,le quedan,"Tres preguntas is the subject and is plural, so quedan. A Raúl is one person, so le.",ok,
quiz-gustar,quedar,___ reservar el hotel.,We still need to book the hotel.,nos queda,"Reservar is the subject, and an infinitive subject always takes singular queda. Nos is the pronoun for we.",ok,
quiz-gustar,quedar,¿ ___ bien estos pantalones?,Do these trousers fit you well?,te quedan,"Estos pantalones is the subject and is plural, so quedan. Te is the pronoun for you.",ok,
quiz-gustar,quedar,A ellos ___ poco dinero.,They have little money left.,les queda,"Poco dinero is the subject and is singular, so queda. A ellos takes les.",ok,
quiz-gustar,quedar,___ preparar la cena.,He or she still needs to prepare dinner.,le queda,"Preparar is the subject, and an infinitive subject always takes singular queda. Le is the pronoun for he or she.",ok,
quiz-gustar,quedar,A ustedes ___ dos días libres.,You all have two free days left.,les quedan,"Dos días is the subject and is plural, so quedan. A ustedes takes les.",ok,
quiz-gustar,quedar,A mí ___ bien esta camisa.,This shirt fits me well.,me queda,"Esta camisa is the subject and is singular, so queda. A mí goes with me.",ok,
quiz-gustar,quedar,___ recorrer diez kilómetros.,They still have ten kilometres to cover.,les queda,"Recorrer is the subject, and an infinitive subject always takes singular queda. Les is the pronoun for they.",ok,
quiz-gustar,quedar,¿ ___ suficientes botellas de agua?,Do we have enough bottles of water left?,nos quedan,"Suficientes botellas is the subject and is plural, so quedan. Nos is the pronoun for we.",ok,
quiz-gustar,doler,___ la espalda.,My back hurts.,me duele,"La espalda is the subject and is singular, so duele. Me is the pronoun for I.",ok,
quiz-gustar,doler,A Carmen ___ las rodillas.,Carmen's knees hurt.,le duelen,"Las rodillas is the subject and is plural, so duelen. A Carmen is one person, so le.",ok,
quiz-gustar,doler,___ caminar con estas botas.,Walking in these boots hurts us.,nos duele,"Caminar is the subject, and an infinitive subject always takes singular duele. Nos is the pronoun for we.",ok,
quiz-gustar,doler,¿ ___ los hombros?,Do your shoulders hurt?,te duelen,"Los hombros is the subject and is plural, so duelen. Te is the pronoun for you.",ok,
quiz-gustar,doler,A ellos ___ la cabeza.,Their heads hurt.,les duele,"La cabeza is the subject and is singular, so duele. A ellos takes les.",ok,
quiz-gustar,doler,___ subir escaleras.,Climbing stairs hurts him or her.,le duele,"Subir is the subject, and an infinitive subject always takes singular duele. Le is the pronoun for he or she.",ok,
quiz-gustar,doler,A ustedes ___ los pies.,Your feet hurt.,les duelen,"Los pies is the subject and is plural, so duelen. A ustedes takes les.",ok,
quiz-gustar,doler,A mí ___ el brazo derecho.,My right arm hurts.,me duele,"El brazo is the subject and is singular, so duele. A mí goes with me.",ok,
quiz-gustar,doler,___ hacer este movimiento.,Making this movement hurts them.,les duele,"Hacer is the subject, and an infinitive subject always takes singular duele. Les is the pronoun for they.",ok,
quiz-gustar,doler,¿ ___ las piernas después de correr?,Do our legs hurt after running?,nos duelen,"Las piernas is the subject and is plural, so duelen. Nos is the pronoun for we.",ok,
quiz-gustar,doler,A Andrés ___ la garganta.,Andrés's throat hurts.,le duele,"La garganta is the subject and is singular, so duele. A Andrés is one person, so le.",ok,
quiz-gustar,doler,___ los dedos.,Your fingers hurt.,te duelen,"Los dedos is the subject and is plural, so duelen. Te is the pronoun for you.",ok,
quiz-gustar,doler,A mis amigos ___ dormir en el suelo.,Sleeping on the floor hurts my friends.,les duele,"Dormir is the subject, and an infinitive subject always takes singular duele. A mis amigos is more than one person, so les.",ok,
quiz-gustar,doler,___ las muñecas.,My wrists hurt.,me duelen,"Las muñecas is the subject and is plural, so duelen. Me is the pronoun for I.",ok,
quiz-gustar,doler,A usted ___ el cuello.,Does your neck hurt?,le duele,"El cuello is the subject and is singular, so duele. A usted takes le.",ok,
quiz-gustar,parecer,___ interesante esta idea.,This idea seems interesting to me.,me parece,"Esta idea is the subject and is singular, so parece. Me is the pronoun for I.",ok,
quiz-gustar,parecer,A Laura ___ caros estos hoteles.,These hotels seem expensive to Laura.,le parecen,"Estos hoteles is the subject and is plural, so parecen. A Laura is one person, so le.",ok,
quiz-gustar,parecer,___ útil practicar cada día.,Practising every day seems useful to us.,nos parece,"Practicar is the subject, and an infinitive subject always takes singular parece. Nos is the pronoun for we.",ok,
quiz-gustar,parecer,¿ ___ claras estas instrucciones?,Do these instructions seem clear to you?,te parecen,"Estas instrucciones is the subject and is plural, so parecen. Te is the pronoun for you.",ok,
quiz-gustar,parecer,A ellos ___ buena la propuesta.,The proposal seems good to them.,les parece,"La propuesta is the subject and is singular, so parece. A ellos takes les.",ok,
quiz-gustar,parecer,___ difícil conducir de noche.,Driving at night seems difficult to him or her.,le parece,"Conducir is the subject, and an infinitive subject always takes singular parece. Le is the pronoun for he or she.",ok,
quiz-gustar,parecer,A ustedes ___ largos los ejercicios.,The exercises seem long to you all.,les parecen,"Los ejercicios is the subject and is plural, so parecen. A ustedes takes les.",ok,
quiz-gustar,parecer,A mí ___ perfecta esta solución.,This solution seems perfect to me.,me parece,"Esta solución is the subject and is singular, so parece. A mí goes with me.",ok,
quiz-gustar,parecer,___ mejor salir temprano.,Leaving early seems better to them.,les parece,"Salir is the subject, and an infinitive subject always takes singular parece. Les is the pronoun for they.",ok,
quiz-gustar,parecer,¿ ___ correctas estas respuestas?,Do these answers seem correct to us?,nos parecen,"Estas respuestas is the subject and is plural, so parecen. Nos is the pronoun for we.",ok,
